,Frequency,# of Samples Observed In
4b5eeb300368260019c1fbc7a3c718fc,"104,544",31
0305a4993ecf2d8ef4149fdfc7592603,"63,611",30
868528ca947bc57b69ffdf83e6b73bae,"52,111",20
154709e160e8cada6bfb21115acc80f5,"41,104",38
9118606a87ac19f8d041da20f16f3236,"24,042",31
2bc794a195ccb3f80f49f5c8545dfb53,"23,216",32
f8f937eeee7762f446a0e87292f98eb6,"22,335",28
79e9e337b10e2d298bb1b3bde946782d,"20,273",30
535696cecf56f03d3401d7d6dbe66d7b,"20,247",29
44ff26d8105cf822417b4b0c4eb27c02,"19,626",30
bfbed36e63b69fec4627424163d20118,"19,444",33
cdd14cce4ec44b3235923652b71e947e,"13,564",12
41fedaa9200e2933821f84ecdc0b0772,"13,235",36
0160e14a78b18b903618f11bc732746e,"13,140",24
c8a263244e43cfd3445b822aa78a1011,"12,956",26
3769253c45f898cc19d27c317dbd5616,"11,644",9
ab6b063ed43d8cb3008e157a0a305c47,"11,401",24
4e791b0017d210668ffe94918d9afed4,"11,057",21
de2b74b8890d40f4462c2a39ba26c418,"10,007",26
75e8e3149c0eac3b7cd65ed7fb07ea51,"9,761",19
f59a4d48a03cc224462bf83e4d4ab126,"9,383",20
41d2d87cdcbd18cf8055c3cdb88d98f1,"8,763",6
b44621e5c80607cdfacbf7a81e1cbe41,"8,400",34
ee0fb26fca3afb05e0b288d6fcab899e,"8,093",15
6a1e8164bf2df186a2107a2f0c6bc6ec,"7,457",6
3982159c2603cacc4bc4893003bda323,"7,282",4
d18ba88a44e9920c10c20fb09b133dce,"6,413",4
41f2fce8d5ebdd313900c9b16a533108,"5,867",10
d781fa7e866ac295ce9a56bd97912983,"5,537",23
d86ef5d6394f5dbeb945f39aa25e7426,"5,325",23
c04b03fdea7f81c8c52fc540c50a24a4,"5,189",33
ae881162d813e498f40bf33b8e42d54a,"5,093",20
0c4b17f88dae47697d3bceb3663f47ce,"5,012",33
1f0a072da4906270a684a389c1586582,"5,005",26
92fe248200f136a33673e61cff0b2461,"4,796",8
052128d7d424728578efe7852b0afd0d,"4,626",31
a4c08e2c3a34038ea877b16d01736837,"4,447",26
aee707afe3847427a6d3d34e31437923,"4,343",17
393e6e2cbe258ed27a4ca0a2ee0d2cdc,"4,330",28
725701177603db7c0365cb72f504d4b4,"4,281",27
90d32ffe026535b392c0bad850f213c4,"4,201",20
0a69950e803a5d9e7166c450e44f43cf,"4,129",26
fb07069b40b4a9c76110ca08375a29ba,"4,100",19
59fefb91cc66ef6930b0201e4bf24cbb,"4,098",13
acfe4c003905a7074aeaf385b78ad9e0,"4,033",20
3b795f0122b28b0e6a07bec73894acee,"3,981",12
7fee9350277038eef98dee70b4190563,"3,663",21
2b148d88c49e316f85b6e7863089a886,"3,660",23
265b3906c979e85ab69f8fa414a10646,"3,644",21
9b62995e96fda3f88d7ad6fb183939d5,"3,561",22
f981fd696e8d518b6ad930626f976618,"3,549",23
63e29d89c820b4baafc3f5622946d6ee,"3,427",1
a3a07c53adbdf8e5fd7242899b2780a0,"3,304",6
d2613a43f4ed1dda8a673e7fb251ebef,"3,243",21
b8b19c4f0719a5d5b965a0f50f05827c,"3,217",22
cba5f5b1153235425628bd77a28257c7,"3,186",31
29f7a9fc9689ce3212644f0d5e19c44f,"3,094",3
bb173654871d294466912ef22f685faa,"3,057",10
c915eeb783ee6d5c8e917ff5934f4e10,"2,951",7
01e0b7ac306895be84179f2715af269b,"2,903",17
93dbc367e2eb343c57568c0de5ce492c,"2,853",4
7a20f7055ca2c7462cfa6a7aef16ec28,"2,827",7
a1b971c01ce0b220275c218adbe717c1,"2,813",35
edcd08274206e5737b5898191e95bf9b,"2,800",12
b9e8f0a95b7ddb4f0597429a04dcdc19,"2,783",5
699071a4a7ce68918e4cd93a61275ecd,"2,615",14
3adba377bf51cc6284b4f8291b3dd318,"2,611",2
6aa22a42a3d7906af8a3c5bf6370d6ef,"2,523",24
155c05649150f44eb96ae7a6f6d928b6,"2,506",20
62f7636a15b37489ce25ba32578bdc10,"2,462",21
f3194c2eb241f821239009ca55dbb30c,"2,453",1
8f0a7d866b4e5ebf1e34d0a44eb950a4,"2,408",17
ee592c19d81bad3de864ce4f2c334902,"2,362",7
fea5c05e9b8245c5ca46f6673f59e0bf,"2,348",32
b00d44992702bd3743d7f353638d42f9,"2,320",27
49aa436afb668bd62899a1e3e5893a41,"2,297",8
bb370945a6777f712cfd963c55f2ff54,"2,295",27
49ea1148e38d2ef99c03949136cb5bc9,"2,262",9
9e1c6b703a4312cce306c7757688a351,"2,227",25
816b94bcd935ca38afe71fd1e3c5356c,"2,209",20
83b11de4318b02c2e01bbd0146907514,"2,197",15
ca79c197c90ff9491b2b886a810e9296,"2,195",20
1d17561d16d803f652b0d6bdd671c1cc,"2,129",25
880968796af86b3d6270c228fe8e7026,"2,109",10
ced140ebd498ea4d3df1aad464c478e9,"2,068",4
5db87e32b660b7e501a143159b179ff8,"2,034",20
e063d1c3c9daf7390e5475e48d9b01c5,"2,027",14
dd29d5734196dc92232bafc6fef0c2a1,"2,024",10
64222ae4c3f0f1cc06375a3814da355d,"2,010",12
32875774cffdc8c820f91d8e86f9a0e6,"1,983",15
823698689031b0b9c2c5152f92ffc70f,"1,977",12
cf6679308c719f0acae553c645fc9beb,"1,922",5
b92e89d105e0a6e09e5984879c4c7809,"1,861",1
c8534dd3da1e5a3b25730b64067150d0,"1,784",2
f16a387e898dbae6432b2ed0241120bd,"1,740",8
0741ae033054073fece98b9948ec4387,"1,706",22
419b7876de7a4c8237d61c5e434432e6,"1,665",1
15642f35883c83d2d6737e5b27939497,"1,662",10
97eed9c6e2ca12ebe4e51ef7dd288730,"1,657",1
9c8c859cd4fb637765e3a24c224535a3,"1,645",17
104cff7c32741b38a7c89d954d4eb8d3,"1,642",9
71fa1722365d52769d5d11529fabd7be,"1,621",3
b0f7f1b13fa94991ab5378bd74d8ce1c,"1,620",9
c0ec9b425614614ead8ba36d49b212b8,"1,596",3
1575e4b55b40f18f6aa70079b4f1cf2f,"1,590",3
b815913c61abb4a540babe5c3fae17e7,"1,582",17
3ae3e825c5e3862af6c17798e2b40a37,"1,564",5
24dfe6a7325e4f2be7dbd522ef613e42,"1,536",18
29a92aecac56c855cbfc0debf9bda0c8,"1,503",23
94c5ef91431ab9b4fff66c9c1e84b919,"1,501",2
9e3a1ffafe7d38bb1d2e863fed3156a7,"1,463",4
64bea8b4a518443365dfe6907a1aa9bb,"1,443",5
5437cb1c86c72638cbbc12896f88d1b1,"1,416",12
4bc9d73405700ccc41d82dd3dce45bc9,"1,415",19
2e55763e77234a7bfc3a311067a0c7e1,"1,404",17
94ca1389331a3a9230237844cfd545f6,"1,396",7
9c6b4f83513e63a49ce33a8aeb1813ad,"1,392",22
eec5fad9f9f90c2052e346cca3f553f7,"1,380",1
dd9d9aad1de9345686f5cc614c5616db,"1,341",7
9dc8ab2804c20d9b777fb4d03267664f,"1,290",9
9eed913d18571644cd5d0e4b002c7a73,"1,280",14
95755a716560fdb802c11f4db63bf62d,"1,207",28
19ea8fd5aafc30606c464efc3419e5ce,"1,200",10
245178d23af8d8cbae4d4e3e7621a160,"1,188",6
87899779aec8d38dfaf48d895cfe8021,"1,161",12
0847f74b1df2cf9b558a1b421d87fb85,"1,159",15
e1d70dd0e085b3aa9c02a17106a40328,"1,154",1
136e9f5aa470119165e59d202fdb318c,"1,150",20
8163d49042bbad8871a7aab8527c9a97,"1,142",24
5ed3286277ae7a7e78d54d53193d4e2e,"1,122",1
f4a6ece1d07244e26737262a4e3ada06,"1,120",13
5df503c1ddf8f3f4ac9e49e983e3d7fd,"1,103",12
e43990d216e916faf90d8c22429418ad,"1,047",23
86ecf5fdfcc9d5b4388556058f0f1df5,"1,038",6
0f55566622d8244073432b2e67b24baa,"1,021",19
ac90ac09286fc7803758751f3c1d8cc7,963,2
c7ec57695a6d83b461eba523752755ec,960,17
e955bf21b739f89bf2d58f941b57ef24,952,1
56069906ddf132f7d2f645ee74b03568,945,1
f023384b8f989d014dd2ead7f10db307,938,3
26133b4163fdcd22d86f4e04e74154f1,936,16
c8cf30d8fcbdd8f67495eb1c013895d2,915,4
5c541619c0a084c6609e071895d9de55,896,8
a5df9a825c3d8eeb228a6781c3db134c,894,22
c2cf7062f6148ce018dfe4818b4a9043,881,17
c1ccebcca099b11c2b153f9f29cc927b,868,9
7fbb3b03f5cd91fdd1273d6a1d1faa8e,868,4
b8817857eacc4c57ffdaa9e0fa827a18,864,6
fb10ecc69223c9b87402d0c62443b41c,850,7
c5f9b3424063f4661b91e1f5d366d106,833,6
0b997a701f9f0c080ba9d77ee7b16b74,821,13
cb62a4d6222171d4c9b8b0b1de7662bf,821,2
0b5e7496fb606c7692d1467cf1c5b606,818,4
30faafef155964edd9db9374f36c45bf,810,14
956d0a6f5a8e1d2fbb39df909cc14894,805,13
3111520c8424a2a5bdd46558ae7650e8,802,14
2d3952bbce632221eb8fe711301f8a7f,784,1
84dfcf63b954de547792fd7c08224863,778,2
3d6f762d8cda1915ad93d014e391c118,770,3
61cb4302d335a976ab3a7d6174107a76,753,1
c41cb0bdfca96df418d4c41d5800c2f3,736,12
ad455c071ee9c40068a418ad6b0cf45b,736,8
ca641b1df54a4bf2083e50cd45dee950,725,8
7a5d5e6f85da7ca91daa2d803e8f9279,721,4
75280d57efa4652f09b94718ee7c8f35,714,2
1bf9d2a8158ed64e5ad0d650cc8e6e43,708,2
84755bc954af6d3b39bb4c369e5992e7,704,11
a29da9b740fcd1afc148247e38b10b03,703,4
43512a0fd36c07d6e399a2b81d936212,698,2
67f9c74eeea5a4609bd1d2fab66ad3cc,693,13
3af9aa72b9f1559e908cf273c90287b4,693,2
513de43781dc4c2831eb83b23940d66b,692,3
4d24ec729948811a693b8df48be743d1,690,20
1e5397e363eada4037623556442aebcb,685,13
e50cb08cdaf0bf66a982630eb438a8dc,672,1
0c4aa98a524029245463d479af14357d,659,1
ff3de737f93b5a25f8a7f3d46e811825,656,6
34ff253cef3eb3010cba579a8c196783,654,4
ad8663cf43e2f46b4bb267191ac4adaa,651,6
a4c27a77559e7b92301132ade36ccb8d,648,27
fa0d9d235c64b0491cf0dcc19e55b6cd,647,3
f1d63da515a0c96eb9f7af5de75655bb,645,11
9ecda5d33e27c149a40d42d6a84d0a3a,640,9
fcfcb4204f09e8a9e9873827a05c9a34,637,18
eb49475f058cabcee601073f0da65a97,634,1
f0555e56e6805983fc8c753061480ee2,634,3
88e06a6c4fd6a4df39523abd73d71247,634,3
f4eefbd4edf2a372131825289fffcca6,632,6
f6107747e342875ae8dc60e6fb34b421,630,5
74f76a680c3f0422cb2312a3826d833f,630,3
00a7a95dba414b83bf20dea8947e160d,630,1
4738be7d8c45e8c46254d050679f3d34,626,7
3597a2689efaf5525ce460494a8ac383,616,10
5decdad9c550489629ce441d32a69a1c,614,6
e9789fd6c378cece5d4e009bb42c985a,608,13
c5e51b54657b4087777c84c1fe81cb25,601,10
e6acdc137399e401b548d7f379af59c8,594,3
55937e5781c91185e27a91216008e4ca,589,10
b8b4e8e1275406b0d383bd1339ba008f,585,22
88ab8312a1140d027d6b0836c603b291,583,3
fc1f49989e78fa71bc6404ff2a148576,562,10
0f881c4280fc9bc25789db570c6953fa,550,7
71ac23a4e86dc4bda600f5cd6ff0e985,546,19
74c2326ccd0bc2bd9e0f23f15b79ea16,543,8
beb16aa26f8441a5d3ec6246e8e1f2f4,538,11
487e50d33ab9f8d4b7c1a8bf6c6c21f9,537,6
53cf3b817492c1893be59208c0e3b916,537,1
8b5fee257369c31a18926c1f40a8f8ec,534,13
d72658480cb7ff1bf9ef2323352f701b,529,2
b2d056fa113334bd2797397b162c6ac9,529,13
5b0d05bbabfe1b60b77dd4430eaebb1c,529,12
0ecdd9836328e85638296341395c5e8c,528,1
412d6626d38410f44e40f9b686e0d83f,523,9
6930dbee65d14f114323f50822f8cd3d,517,27
d51cd90e95b57acb614698dc580759fb,517,14
fb4f7d9d3f91ac2f22a542fbd13019c1,510,8
223141c110542072770a404bd96fcbc7,509,6
d8db52dac1023a8fa0e56e92670d7ac1,502,5
a0556fe2daec24774a52f3eb2ce640ff,491,2
ce5a9464c7afa3c2b0f4b6c6f7b8e49d,482,1
28ce6cea0d97267bfc9da321ddf36420,473,19
85a7d5399dae8e8a6086ff67f9b3d273,465,4
7e4d5b19d3213719048fe55dfad0da3a,458,7
6372f8363ffd11175e6f0f0b9788d630,454,12
3954ee3d59b90dd9883117947da08673,454,2
ffe78950b16cb81674e97fb6c48674da,454,3
8dca8e3ad38315877ff198e9f9c3e3be,453,1
7f0541f9fa673ea253cc6ffdc82275d9,452,1
0dfff0b1a35f915c2b6811d8bd11b6c5,450,9
3add7df323955b22d1cea664ef38165d,445,7
a18690005298e5e6624cd4bf563d4b48,442,1
33176e81f3e7ef2b9de1b783ff1ca33c,438,24
edacf632dcadc21c328669befafe2af6,437,10
5cb6f9a74015e3da39a9609e96e37ebf,436,2
047b7fb62a5e9d2711e639ae1cb1519a,429,14
81462c11a4da3610a633605788dc213f,425,2
aed55e21a8ab7b33d80aac2beed3aaa8,420,2
1f01bb6f15cf85420688b481c89042b4,419,5
796c74bb55117ef6c63d18df09241038,416,1
71652982f3d276ab8255d249a5bc3ab4,415,1
800a4734cd0d7ce4e7e6a5b94935d422,412,2
53bb77e358ecb4c43902f071bcc3729a,406,6
728a71f761e0b63d5c70226ee7a14109,401,1
c02f02d9156173a717ba5acc65d9bc3a,399,10
1d2e5f3444ca750c85302ceee2473331,398,18
e387de878ce32358cb95fe4597c44c25,396,2
41196521daf332caf4d69afa617b155f,396,2
467e6076c7e1448aa54cdd035cd2da5e,394,1
160f85c7cb184e6a60645a23f1c615b1,389,19
eb06ad5a9cb6d5a5e46c4e0d9f364c74,388,4
34e40677eda6fb724e9323b0835d5ab0,387,4
9f80e84bb24b914053824a9d300dc4d8,385,3
438b8e07867a95e6a854880b8687d56e,382,1
5565f6a78d5ed4127ac88a50b7ddc5aa,377,1
734f97dfe7d58109345c1f09c87accc3,376,1
1e1e0cca52fab68a8c7ba5256aeadd6d,368,6
84527e6fd16cd72b72cfe68b3c4fba07,366,13
167baae5fe04a754df7eb073c07adaa7,366,4
91d0b3b7c0329b9a164b6e04a181f1d6,365,11
773d8856ea045372c50f242386c910a6,362,6
c9873215fb3595dfd20fddbcb1a32405,353,5
197f5f4fc7a3e8fd8124341c1bc55ce3,348,5
841988385eb29cc39bd4271de0e2b393,344,8
73442adfcfc0c06392bd01e3ed023b63,343,12
68954a8c5e94805dec894bd91b605296,340,5
3c4c874d0f45e08f12a8c50d7d669ad5,330,1
739074b6b14dadfe0a6059c0c6fee4c9,329,2
66f717e7362a970800af6005c309f2d4,328,6
75c9a9e49cb836186e3830097ebade4d,327,4
de531833bcc29b7caa5e300573bd766d,323,3
8fdf42d4246653c851d6007f5747a6e1,320,9
41d7883ce618b3e27cc783e5707c33af,317,2
ffb2c0ff6c91108131eb52a1667505c4,314,3
2125d4e23bc45b95cec4fcccbe258c64,312,1
cec32a931e3d1177c92b9fe45c2e3fab,312,3
a0b0961c7ba318abff3e5a93f09f495e,310,5
f0a1da8103ce5818d3c2f478640bd217,307,3
db8101988a872d94905eedad619b16f9,307,2
1548c213c13091c6c6124c4e90d052c4,303,1
868a4fe285b85fa1b8eb40071d5397be,300,10
cbe4adb0b3d0eaba5eb5ddf76a84119a,298,6
7fcc570944f76ecd7c3456ceb5d23b2c,297,3
f36473546778e49c65a7ea7bfee7796b,293,12
06c3b8c72269d783e9d96b6e71d7469d,292,5
28958903557a2dae2d3eae079875f9ab,289,1
e67bf62d062e2815ff89aa601f5d7493,287,3
58fd5bd1d9709e0dd7c5134f16dcfad2,286,5
d7d3ae2fb3505e7d0a8065e7926f0b66,283,10
5485189599afd8e069da261b03c2f660,280,12
819050294a3897fb43803078cacdcf74,280,2
399add807c552d221ceba2f6e2f947d0,279,2
42f7a4caf54667a21b5de3b888213935,277,3
adfdc4fc737f8250da6a43dc1c20f9fc,275,1
7159f191ff1f934baa5d37a8ca1d6bb4,274,8
f574b2fdafeb18b81620f4b6e8119dd7,273,3
abae3f75523b156cc781e4c693d61f45,272,12
b383ade799e9c83c649cec37705a251d,269,8
9d0aaa1d0515117cd716ad1f71e430a9,267,1
02ef9a59d6da8b642271166d3ffd1b52,264,15
eea849cdbe1cb764b8af85a9b9e7475c,264,1
07793d27d9e48853e67b60577739e8cc,264,7
7fe8a14acb229f37dc83d998b55a339e,262,1
0491f07ad5120fd41c4aa08bd87898f1,258,1
10524fde283c8f73c08cbda63d8ddc52,257,4
5f8e932eeaa2069778948aa5e3dd31d6,256,1
2750a78db7095947f63a10290f156c23,256,2
547f57df9d2a13b8e96fd446a3fa15a7,256,4
3677e15d86603bf0a6bb50f8b010afe7,256,4
160029903cd9c779390f4719179aeea2,256,21
b74087a0da96448245d30d3dbfed2e8e,255,1
175d29ad5bb064dd0ed9c9900b438869,255,1
1076b2b7de5233cc917c9425aa2ea200,252,13
6b4a0a64da52980e7a1b1a770978bb88,252,12
e56851982ec5d304b0a15f436b54981c,248,1
6b9e88f00fc0c43db967975c75e01828,246,4
aa9f89f9af07d53e077462471423f3ab,245,2
24a0106238ca556cb55c2d811295b517,243,3
99bdea90177c51030c07c64507e3e715,243,2
6660d543ba1948b302cb4b78449fd2e3,239,7
78295009d12852e112b5b6e33a8ff931,239,2
aa668eb01ca9dcc59aeb1454b600c8c8,237,5
fe4b6f4c9b17c839f6dceaf104a32d2c,236,2
b6505578c24b4d798f56cb0db48a6078,235,1
6ea7c81d9c84f44613aaa525edb73356,235,1
a9c4fcefb8bd08cb161a2db9e9e0e50f,233,1
fc45861628edf11f94b24c86eb8c3dae,232,1
ff916a9a81bc71147f408323c3f9554e,230,1
e03276099438328500ccd7af78b771ca,228,1
d83e2b6df0ead9c8174f72e2bb60bf7f,223,5
34ed92fc9d97f1463a9f44f7925304af,222,1
9be7189cdb58f88f761885db4dc70dc4,221,6
1b66464ed0f6fac65a808e06e2c32c3b,216,4
c858bbfef8c1aafb47c7add63f63e0d9,216,1
4b8228f4d7d3809aa6827e8d9e11a9ae,215,11
1d3555302045dd3003246219b12021b8,214,4
ff3df50eea7490dd794148649c480fd3,214,5
54b4964000ad1631e547c46a828ed1a0,214,6
a8afb4f20f9b8b8dc711e0c1be7139d1,213,5
84600fdddceb481beeae3c17ff5e4d9f,212,3
ed7703e03153c147ede20f9f71c3eaa8,211,1
5aecce90cdd26bd48887876acd4d85d7,210,2
23d5296826ac06d63583a7bff37bfd2b,207,4
93c8ab8b5f0751100f69b6a4ae7a982f,206,6
d45b0baa3480b7531849520f9b729e61,204,5
7f2b18b95ab7b349ec24f04e0d1e4611,204,4
f10914cc3bc95fcf29462677c1cbadf8,203,1
ff41ba6970f50b839dd4f3d65504197b,201,9
28560cffcd31045fa07dd88557b43e05,200,5
51757b1a0a985640893725af5d87d350,199,2
818b09ef6bcd074441a2c9a7b0537aff,197,2
145f11599b92ad3a4c93896b0edf8c0c,195,6
919764896275058362e55f0849d2b38b,194,3
88c15130e7b3ba62ec2951add74e3b9d,194,1
caa24af4264a897a19362f3eefe79b66,192,2
2c0ccea9bbd1de9ccf00676485dc370f,191,2
ae5f839e35943a2d8629a79dde4ff01a,190,1
222689ccd1689ff9988b3e5bf25a524e,189,2
8e3c8217a66ccf29505dba2988914b33,188,3
dbaf206140dd1fbc82fdfe090f396917,187,2
e5270df04a26c369ea6ad6be12947a13,186,7
f32674aec6d3fa6a7aa2323cb35699fc,183,3
9b725d1223007c6a55812460c9fdba77,182,1
bc015bdf0d64321ae0c6a0649de061a4,181,1
58782c1033fd8e76991a4fdc6a2f222d,179,1
2bbba7e0342547666ec6d340697c0dc1,179,2
b96793e57343db0cd27d6522529b33bd,178,2
d78aa9faa9f20db55b6b7d4c769cffcd,178,1
6bd57e46e038faafe4bb747e1d494df7,178,8
99084a1b3fecc06e48cb887fb4094615,177,2
e0f5f13f93b02cc5b16195e676ec2218,177,2
d27283862f3fa48132bafdd26888074e,176,7
b57c554ee7975b64c4c9a09230f8c084,174,1
540f9c06b4a666dc756dacc0240afda8,173,1
f93a8d7acd4b52b8bf9c91ebcd75f22d,172,1
93571f3a6fd8af3d5e5e6fe90c3b101e,170,3
82bf035096fb31af611cc4ba17da77ec,170,1
7f3f5aa06d11ba8b4aef3d312a1ca316,169,5
84aae77353a3918666100359e0e495bb,166,2
2b497ee8d2a2ba5c8d8bb33c8ffd6c2d,166,1
c3102144629c6814ad5fb1092afca106,164,1
4b7d7e4094af165cdfc20a829a030722,163,5
30e984d924516867c37da42d64a20108,162,2
a91962fb4dda42f1d01730ccb03b06eb,160,6
d8351e1035746c5a87d00b4e531939d0,160,4
a4291d09771f1d800c6f3f369edd10e3,158,1
53909f322546d569062e672ee998691a,158,1
e80d9134b601511a2702b54268b57249,157,15
7983b177f6024d7934bfd63ce6bb4192,155,7
73985dc99e9554ab70ef62422ef8de50,154,1
1e00822422afb942c9955cd450385a8b,154,2
74e3c763a4cb9fb6d2fb5290418009aa,153,5
49a33f2a3cbe2583ed93581823d8b2e1,153,4
8e4bf152c2dc4bedbdd1d6cbf96fca48,150,7
c4815044cc46bfefcb0607a0d8955d65,149,7
27f95e1362d41f9f7a7d640eedc93923,149,1
1c641843030ced2fde4f322c034167f4,148,1
6befdaf801def0ba5738b7844197446f,146,11
66bba55a43e01d9f807137c1bfc100c4,145,3
48a6cea7eaf29dcb52dc2985933f4249,145,4
2fa276cce32e900f0f68d30e460b8f61,144,8
e73fc2655e1cca4a2b1c419da3630c72,144,3
3d31ee076f9a0d41f5128fd6564287fb,142,1
a09236e74714534c040268c4d3466069,141,2
c1f92f6b547b32b223af16e32fd2e386,139,7
8eab78f919b6b7f77f6ca9fb3e519a7d,139,1
45f1f9810613bb2c9c8a08e9b90c5436,138,3
0cfd76525181d477f5b56fed8b6376b7,137,3
bac16d673009c97b2fcb109c3b3a0a76,136,2
1c63a57437a82b4996b8a1a0ad072d20,136,7
a841dd7e2f38b26bb7bb37179b4141d5,136,8
4a47cd78e62fee6fc349ad00b9998cc8,135,3
610f1ac6240d03956cd833d8d2a5ee9e,135,3
7b858059fcf716133d6e0d06c910bedf,135,3
ef83b45d5ddf3f64a8083df1abcd21d5,134,2
ff4c216ea5532f9eb25adfb50afc613d,133,2
a89b16cbfa8c13ea26d77e017ae1841e,132,1
04c569f2c18c0d6d4c5f0af9651b8b82,131,1
6388de0e050de04ef5f202e61abce956,128,2
4b54ac33a1cbf1ce6c58392af44ccfd4,128,1
3c56b6606f7283c90459fb6d0050c99f,126,6
3820681ecb29bbfac39510855cbb1e5e,126,1
b5b377cee3a0cd6091866ff8a024035f,124,5
766bb19981914f9ed19c2766f53e19c9,124,3
ebe90a60ae29b644cc0903bff4282916,124,1
709f1bd023ad32b2d15cf493f614e032,124,1
34f493c9b3b75210406fecac2dba0f22,123,6
bc9ccc085e2c676b82f104317d4a48ae,122,1
9a31fedca54d9852fcbf953eb959e462,122,1
4c3981632bd7cfc4a8e2836f51155557,121,1
db1b874b93043a99109d13af1f76cee9,120,6
d4ee6a7e67bd087b4e9f78e28c50312c,119,2
0069f368a403cfe3f6f488a8afd21975,118,8
0da9f48251f3d467117e3af6785189d4,116,6
37d840df5aa3d7a6104f01c4d8a22da6,116,3
a5253c22b92be568fbe5a7cf7d41ec50,116,1
b74fd169ebc186e04285a923f6f7976e,115,3
ec368b2bd95481a9666fe562b636e0b5,115,14
3403af700cbb870e420743b3ff50624a,115,7
0b62d28082974c0440881930c6c142ff,114,5
f908d554fc6eeb9fef7a7028fa791475,114,10
76d2032108822bcfaa90a4873f7a51aa,114,2
0fd5aad261cf5c60d823ea888e02cee5,113,1
3e5c9ad1cd4e545ea4690acad80f267f,112,6
1386c58ecc025b685ca9286295a8805b,112,3
21a6c1f6c875ff83464130ad15d89d51,112,1
2e22385d36a19fc968ea24968bd12821,112,3
5c658fb68b552aa1853e53518970fd60,112,1
452666cea208f6e5cce179415d963c59,110,11
8fc738f42a9f3c9be9d08861085b0817,109,2
eddb56ee746785215659208ef1ff5720,109,3
5f7041d903cc13e2d0b4b10bd35da351,109,2
e478ee2948ff231ffc275edd35f4ac70,109,6
1bc5b2ed52b079cfd6f50cb33d02cd70,109,4
576c21cbf91dfe6adea60e6c29eac64f,108,1
f30da3389288f2bf87e63b98ea56c10b,108,1
cd7fdcb93d172de0e01fea671b0638dd,107,1
c9f39797cb3a4fb3f649c768822a8830,107,3
a0f52675d97e4f4232f60dc2a0fe0f49,106,1
984e3144800fd94e0a7e5e0d170bfbf0,106,1
5beb76b0d6631d10fc820c2d128d4cb6,104,5
4674aa2410b577dafc4d33a9f8c45d8b,104,4
63145f49e7efc26729094a53d97c0cd1,101,1
c82814a01be6c5182f2afe1bf38bb38b,101,3
5c4a044afe28e747a78f014bd33bf1e4,101,1
c6bf751319f6248b67f7d7c068689178,100,3
c62b68b58727e4982de086cc72febad0,100,1
e9e64d62afefaf99b18721ab3c33b8cb,99,1
0d30495860e81335d4d03acde645e7d8,99,1
08d85592916eb92473775fef711dbafc,98,2
d609990f43dc6e07b0ad7d6ca21f200a,98,4
7c57afe3b6b21af9d22cea9e92af463b,98,1
4990762bde17d001aacc641ea0175c65,98,1
bf9f9ca6bd7f05400ab46e055eed43c4,97,1
81cf2eb4d87ec3ccd58ffa03e40ed2a0,97,1
3c228983c56c62b85eb2a09eb5249ce0,97,1
a6edd1ae2110e65fb08bb2775297f4dc,97,5
b9f072f0c24eb46d864210e0143760e7,96,1
3ef461f213bfc675ddf0b1bfeef2dc52,95,1
a224aa22a61e6aae64e1aadfc0e299f7,94,5
55d9788a05a9225b66e8ea50ff5d8513,93,3
a966bd67adc24f65fb7d78b5368cf194,93,1
eee1653f127a1219f17091d199494c03,92,7
43a9c44adeac51fd3ab95081da56d02d,92,6
23190caba6f0303a1a6fafaf413d208d,92,2
3092ac286b38a3bae7e6daab15ba0a61,91,4
b959e18a9dba665d57dafd5a5cc8b4d2,91,1
636c27859c1ac0a7994ca8ed145d03fe,88,9
6947482448defa5852dc1c66efb21bba,88,4
dcec90ec4f1782951e982e0bed792423,88,5
0bce45c36192b5e0643e89b956bc0ce4,88,1
ca389967f0fa750e94edce7c53f8f474,88,1
c7396545aa822fe28a49f277393843ee,87,1
61f9745565b0fa8c3d3f827994999416,86,1
dcfe9d34b877a7593021a430391c7716,86,1
2ce0fa88ec7cfdda2eeb0698cdad47e8,86,2
e328dc0c425cc7a4da0b752c153d11ac,85,1
40352fe774dc5ae2318afbab8a14ba01,85,5
46df7b5a60d5558bfc2422ff98f9f4f7,85,7
92e0ef1b97387503c193b0a07728a432,85,1
d8762125ccbd01312a81117f68ed2948,85,4
d091be3309df3b6623642eaf88c8ffaf,85,1
1703ec3db5dbf029e97d496969d74b11,84,3
d48958958a57a53fb8e924e94b56dbbe,84,2
572a83a4afe105f3a16121277996d51a,84,1
720f2d3cbddf8c8feec6add1ccf7a89e,83,4
a82b39a981da0bcf88b99c70148003a7,83,1
f5bc6bd2856a75e4d0d95324ec513e8f,83,1
9f718b8f66b79c3de80546ca9a54539c,82,3
9db05c34d9e2e705d822e383a0125ba9,82,1
2abc4e92fc7e4b2894f0bc1e46df6d69,82,1
001196160611cf677b4f789fcda61415,82,1
dc4a20efc07c08988f80d9c5bb67f410,81,10
87e9e2df68218cb5834fb1f9182c37c3,81,1
e5cb8c2bc5335d60a8f0e231baa6bb89,81,5
b30c0c3cfefb6bb5942ffe16f3055a5c,79,5
52d3be1e7eb1bae81e6b69b4fa4e7b66,79,3
189158c0a75dbb771186d79321ff7731,79,6
e7c8b8c8fced8eead4b767bffe6dd544,79,4
da4bdc1622dd7300958de321fef11560,79,5
aa92dfb9795a5428272062f47ad6516d,78,1
6caa65b29793d995d0fc658fdd41e5d4,78,5
6e6778b1f94a1eb5519f7dbb9f96c9cb,78,1
87ae9927d264e7b45024e49f8193982c,78,1
053bfa50e8da67a81c437526f87b51c2,78,1
f1ff7e191f79dd94e9ae0efb19bef380,78,2
a9bc030ed84fcaeab38d22ce7947db9a,78,2
ebe0e9790089ad4f40151cb4a3231a8f,77,3
591e975fcda52c957572b65c3b6b661d,77,1
d057c881d931baa475ee3d5e12c18610,76,2
c1196648ab121bfeb347e79a3ac5d9b1,75,1
af7594a29b3def72cd1c3a2148dc628e,75,1
40f48a770b506ce189149c8976e24d78,74,1
ad30968e9fea6dc33043c1f195dd4d19,74,1
1696a3080382998c4ce16be8320a36db,74,4
f66effc279917d65747b7c3ef8d62432,74,5
bb90b7ea55c8f4323c5ba7a9fd9c9f1d,73,1
c1222feef6ea545b9b67078f99b2b0b0,73,1
7c1d209a23ec78f79c4c381d520bebd4,73,2
f4925224899d505cf36a1a6a8423f790,72,1
9a3553d8b1bf5f479dde24771b2783a8,71,3
bba2f5e8f9b2e3c243f0c4111eafd901,71,1
3faf8949d16c12f7e69bd7d44f355e59,71,1
bc7f11c959a6dade29bdc5978d724630,71,1
4e34087bb8399deb145896c92e1b58a5,71,5
f0cb0cda97cb1d02169b3d6cc84a235a,70,4
ae01145fe82d2217a1e375b7f742b244,70,2
f4cb3d2c981234508bf12c6d832e6f38,70,1
5745dc28e057524bc1105353f7c9fcf3,70,2
fc5b641a0b0408d99ddfb2a5ba64da59,70,2
142810f10fefef12eb7c803686195acc,70,1
51b573b10d63a2cbe455deeef5bae002,69,3
8216e209acb7350f20ef8c02c9999b67,69,2
9522443296e83f69e8a19bbe5d23bfd1,69,3
07f43876322b7b143edb68580915a9a0,69,2
1395953fab837ed426f9b2ba24da41b1,68,4
80050fc0b39df7987c48aae8356625d8,68,3
9bb6c460cf3f45bca18d78b453b26159,67,1
80a89be6d7571fc8cff7afbc84d1b4a3,67,1
cbed9e4fef865f8dcf9e1d0ef5bf9d7f,66,8
fa0cca9bb83c3b96c9753e8ba3c63a49,65,1
654837cb66a80dee5216e5e935fb813b,65,1
a54ea55631c8d8bba5c12e7e89e9c9a2,65,4
762cf7955f66d043aa56981e1df5cf80,65,1
643bd9f3d9bd7a10cae21bd10c15ded1,64,1
605e9ea24b6852f0713cca5ecac9800b,64,2
884eb25d4572041fb8913b6dba0125df,64,2
97868a6904dfabda188287e91e94411b,64,5
9348b091af2dbf2f693e0b80b1bf0229,63,5
fdb0bd8938c3fc8361e0f6bc17d88db9,63,1
1cbd41f0f7610ea20a9058b1c2afc40e,63,2
0c46aea0ef79f9940814893eb78e24a2,63,1
3013481d80ec70615adfda039c5a4dff,62,3
f8ac433f3538676e0f737bb3d84bc515,62,5
44543d9c6bb193c64d38c9bdb6790eec,60,4
38aff035451e491e5905508b9a173fb6,60,1
6e1d3bad088ffd08e77741ea286721b8,60,2
33fbeb13d6160890799385d63de0535a,60,2
4b7bdcfb2137b4d30b489074dc8754c3,60,1
6ece1f747ae2043c0c0d49e0bd9d7a2e,59,3
98526954d600e480ace0c3e2fe6973b6,59,1
fa2e84a36ced062f666ef03eb865c03a,59,1
60b9b5873daf340befed496bb22d19c2,59,1
2de518cc070ce45530db4d2b507f10b0,59,1
6210073173b0d223b02d1f6f82c32a44,59,1
ca0ed8f3cb6fe8732e5207627705b1f4,59,1
9846f408e75074e803eebb1904a1b356,59,4
34fb07dcbf1b24ce0a9166731c2a7c61,59,1
1061dafe70b31cfb8c10bc977dbb2f09,59,5
a8414e95944ea652aef63408b4439f88,58,3
e82a8903e4e66148280bdce143bdb404,57,1
2caa8474c318d89a18ff897da1fc8953,57,5
2c7481ea8714d3d6eaca0c8f96e9551b,57,7
93f515e93f8eda8326f216cf2494af74,57,4
8d60b00823ceeae39fc7ffdf2fc98722,56,5
8a200529c29bba2625612ed0705d0118,56,1
56606f28e3b509a47e0fda9a9587ce52,56,3
8c5b87c56206f4f715dd1dc388aebe1a,55,1
7dd86c31d74a80def1a57fe32d1332a3,55,1
bd759efe26a5b4b869d3fa5e4693080d,55,1
a2707440dbf73cca93570d8c69fb4cc6,55,1
99a011799ada652d974486744c9475d0,55,3
1f4050a8c56f300c3c6b9ace61369d0e,54,1
d3dee7a14e02c7a86668e05d1430c0ec,54,1
388a365ae382c11da0edbed27037e7c7,54,1
76cca553e0a53645a4c821d4dae18e7a,54,1
2d28b059b0ef713d4766e016585fed6e,54,1
08b8d34f7eda295ef0c6f7d340503882,54,8
1a96765a3e5124e1bc2ea9b14b0f2402,53,1
8e17c00ef9859cf2371b95362c736ffc,53,1
57b34afdff2e84fb9b0befd219edcb38,53,1
d3d48130c8da140103d41f28c44b01d2,53,1
050a4bb61749fc62a9d8d1e41d652a2c,53,1
22a0f47b769608153c45626ef3f158dc,53,3
77a517253ff10afeb78a37bc13d649a0,53,2
c2129b63c9936e1189ac11e001c48b86,52,2
e9a373f72cec4cd2f47981315c1a6168,52,2
b0fb660756fd4f74d89fe91e8f0ced98,52,1
e67b7032e8f91336301335bfeef355cc,52,1
d70606bb8b12583dcc47c0286885aebd,51,2
82f51faa2a07a6ebb7f8726e30a6a3da,50,3
376a2c459993364f4102e3c1d1f7a2ff,50,1
fcd4f95c05b868060121ff709085bf21,50,1
a3d48c91c13e06333757d3a9806c03da,50,1
1f36501fd04196acb87f6f407175dccd,50,4
bd5ad947e7ce6a9469300d54fcbbd7b3,50,6
0b8ebfc7f867efbc5044c36f9d9f85b1,50,5
a43ca8d35f3896f51bb3f12387f62aa1,50,8
f2b47f01793ec9bfd4edd8901b70c272,49,1
3f5f7569b219350606d3ad533cd5cec3,49,1
cda4c0741654d56043b7136b2bc9ecbd,47,3
61f5a987c3fc9b73cb835904a0a9e933,47,2
485ab9c9241dc5144bc3f5ebb76e191b,46,1
6bf95d9914dc404e98ebff522496533d,45,7
2315947cf400f511b2914b6c3be4a9e4,45,1
30463c1d941a16a11d1b29b017631404,45,1
196ad65e876f43c980d69453d9558e86,45,2
fa131d6754e5310070b18aa59cc5d792,45,2
73fff24464f9c18615966e8f56204342,45,1
7e942c6e730792638304ba1513b1c773,44,2
44c9a9d909b99ee8a8b136fc3d83a791,44,2
aaff6903f90823d4cdc290abb70a18c1,44,5
a38bd2eb1f094a627142a91c22aed86a,43,3
47c0a89ec66c1df0ec037ad0c1fd853d,43,2
f41ded3dbe0a55e31aec2c93afc035f7,43,2
84176d2e577bf29ced71f0b2f5ada640,43,1
f089357164eff2643cd51fdf1438c4a5,43,1
bc71422a675d7d92454a95d085445bcc,43,1
33a995103fb6d0dadfe4402ddba25a90,43,1
f74fac9961d156896544d76a60d4e87b,43,1
9cb622a1d1cdcf3d7607ce652aac30e2,42,1
491ef1635067f62c395bdffd58966092,41,2
5778fe5bd0f0f813a21f3a1e0ba46b67,40,1
1043dc18e21c02c524b97bf1fe630233,40,2
b8e156ed7ed6951b72342262b4ccba86,40,1
803253a4be2e5142323a3c6d6db124f1,40,2
6e79fd16e8c50f02c8ec9ea3506e070b,40,1
9091a26dcbfd766e0727c6614299f38a,40,5
e65d750fc694e615b98bd501431862be,39,1
020800e65c18eb788e23d92347041fbd,39,3
f746ce8c3de54b1bf78054d1193fc4bb,39,1
788fc8b169d4215cf10088fd624ed0ae,39,5
2435b32b03b3b04d1a7c0b1584f9f7be,39,1
8ebc88b367f0783cc8d85004f478d4d2,39,1
854ca4672f380fba25d2539dc2889620,38,2
1ba863a1a1d378352caef6c26f03dcf8,38,2
09fc3d8a98c2ca72c69b63a51b5b564e,38,2
db61e2fc33ca606fc65089de78db7dbd,38,1
c4fac69ce91d68ee00ac833bde3db74a,37,2
0502520aa989aef3f3e2103bbd982efa,37,1
05cfd2766caedc418d4116a5962592e8,37,1
ad41fe8f8be5b01c96549309937e3b14,37,1
a4ed3855d9408ab24f601eb2a4e314ef,37,3
f2ae3348125736c5b1fcccec96a0da4a,37,5
321af9103d29f419667945eccd9f040b,37,1
6b9c712b525e8d1ed63ba36616e2d7b6,37,1
f0bf69970b0f39a4bb727a554648f36b,36,1
92d542eaadf03d2f196f1d75b017def9,36,1
9832a8530783a3406cf7101fc8b7da5c,36,1
1dc9cc9283ede7e2355496493b20ec9e,36,1
d14bace565f33d7ef460a4ae61bf3bc7,36,1
1f165849dab9865e67e14bd18fc44452,36,1
594a1fbc9085d28c8c2a61472aa49ca2,36,3
0dc5be78ca5e9263792a37452cb7472c,36,3
951fe329ad92f8ab76e4b0531c035da2,36,3
f63dda1660fc7189a5d24f3cbe793e52,36,2
011ef9e7a27e78c59147dde985b23038,36,3
a88bb4a83a45a9daae7d7deac1dc50d4,36,3
124e839582c0a3329101182cb28619a8,36,3
40f13b077d41d6837ca6fae65763cf01,35,3
97bb42c31fefdd43ebcb641b6e6f38b3,35,1
d8e47d6f5c9a7b2cb4e11c26d022dfea,35,1
57a6a9dfef1777f5a763450cc8db4730,34,3
6685bbec92f4be1c2d985cda8e71e238,34,4
9b59ffb62292c5c8ed2dafd7e3c08ccf,34,3
e7b26354a114a06df0fbcfe39c5d7058,34,1
9ee0ce3c900b10f8da7ea8f5894f3208,34,1
0238133dcf0e8cc278b5843a5dcc6dc8,33,1
760f18f1e33699243c21693acb45aef8,33,1
57058c00cef4223d769c681ae80a35a9,33,2
7e8dbd1060636d3c2290d4955f901c53,33,3
96a7dbb0e2c57e289c05b82e2db880be,33,1
f072536465985d448dd2a7e2cbcfa916,33,3
63770f45cc4e6d6f842bc70eb197a789,33,2
67fcdd292a625a6564826b116eb64b56,32,3
0e24857c82207d1d0b0f2d7324f805e7,32,1
422917b39d1f1e076053f03ef177b294,32,1
d4a8c8b05067a0c4e97fe7274d1a9d03,32,1
d4d66d8a4bb25e4372c027be69df8bbc,31,2
a80183c045cf890899121db3bbcbd39d,31,1
0e1ea07b8c61ae134b303563d662791c,31,4
9fbba2908f8a981a093ded93417e8e48,31,2
c580692b4b3c87b1b7906096ab2301fc,30,1
6a4a7bbf5c412ca825f941621d8ece1b,30,1
443881e0cd8abdcaf34c1304b21c9af4,30,1
fa07f79883b47cc7d9930394d1eba302,30,1
fb19e609f26a27e8752046ddbb730f8f,30,1
8464fddf584de3b497fa4a87b985074e,30,1
b234181b31da740ea18c17cfe3237075,30,4
4a1abcc8deb322ca5824a66a98037f9d,30,2
af12fc27ee17864717830cafd06453cd,30,2
e2c355360209f0b71b70b85ed0f9532d,30,2
ba2147400ebe7f3870c5dab9ce3b5c7e,30,5
15ca0a4d8939a3af943f44666e9a135c,30,2
2b5ce8d1c0b1645c091785c5aeb221ee,30,3
739f808746cbab36c54bbfbea885d192,30,2
8bf8d51dc012e10bd34e51098a89fbfe,29,3
d03f4c942dd8aea73d49ab0f7631462d,29,1
9f013317c90d89a5d8115cac3e76b5ac,29,1
8288f11b6e7651d826f3b7633a1be9a8,29,1
4c9291993ccc344d6a46fe8ac722fac7,29,1
3eac8c5145fda8dee2a0b9cd08be0cbb,29,4
c9a9e220b2b8de9c076c7dc988ce119f,28,3
aa5ce07029f0e5c959a7b6f4e0c825e2,28,2
ff8c7f94f941a0c647120d4e142db316,28,1
ee7ce85e38500b28d9d79b63c7fbf9a6,28,1
7f4b8f0b2315800ecb2a403d5ed7b0bc,28,1
29f2490f084f69bb837ca91da69b070a,27,1
1bdd22405c0bdd0f6bdfb811c22faf13,27,1
9c03bfc7389aedca39108b83cb7fbeb5,27,1
8dfce98843f9542a1683e58dd1a99736,27,1
5d95333c38359d56ebdad3a5e170e1cf,27,1
f29fc90ed649b65275222c1b42deb68b,27,2
c72a6a92fc92ffab3b3388333c50ad44,27,1
45b9d353627e001df437a1e7c1eee236,27,3
eb64ee00bd33ac659d283465cc0d07e1,27,2
316bed92028bce4308477d529c2a1c83,27,2
3a167dd9e1a50b91fb5936f96f96ad62,26,4
5aff8095366eea78ddecaa596d469e12,26,1
79686756a49423f4b40ed501a8fb8dcc,26,3
646eb7db16b18caa09ec786de46ee5be,26,1
6ba7c72aa91a11bd0b78b0fe10573274,26,1
c6afbfb3f2a19bcb9ea333f8daae6031,26,1
dbae1b46b67ad6769ea63d33ed3d44bf,26,3
e778a015af317d58acd6143c2ba872aa,26,5
257b65557485b393b9a976af06ab7369,26,1
aa11f124ffd869aefb64298abbd515ec,25,1
03ad32167654f728404a097f261dbc2f,25,2
f62aa9ebc0d823b5f50e2ec186c4dfcf,25,1
8e7615372f32371f32a8b4377d247e85,25,2
4537ba9d3dab4e4c458980e690d770e8,25,1
275d4d4e1bac3be14ab7875268febacf,25,2
a90d759bb87cdbd65743cac6b03927f3,25,2
9b959f65abdb6cb9adc1d6160a5384ec,25,6
fd1c54aab8e1768a35cf51d590b387c8,24,1
552935066fe34c296b8d9b8199555e99,24,1
738a4875127ee0418cc48e9d470e1842,24,1
f4f7f74cc668d42d713b0868fb2e8420,24,1
d1d750ce3b00503c204516d27ca0d3b0,24,2
b9c00fffd1090693673d5134e39c3c9b,24,2
2fa42d3e420c07315404ca2cee87468f,24,1
f2068c28d9099d7cbec052ce903cc8b6,24,2
2c5ed7fe74da0d23cf0ea37361cc13b1,24,3
a5c9fe2b868196122cc46b22fd78aa05,24,3
551d910c49bea4406fc9f5f5446c4a47,24,4
2168ed39275614c5822d1ed87b818e89,24,3
12ed71ced0f4e45c0aa5b37144e6f84b,23,3
eebf13322d205e62feb5a7f5180d6d17,23,2
71a598dbce74a60c988634c95b29620f,23,1
180d6e9643a0b20a67b62cf2699ed130,23,2
2a8acf15766dac03cebc110fc1b10463,23,2
ece13c5d9f176093dfadc64af7328e64,23,1
06f4ab638ab7d0f8e5589e53fb21796e,23,4
ca9b5bd5eb371709219c27920c69716e,23,1
3d6880bf9417dda970274c48d848cd66,22,1
144ef4d83b8ca346569ad4db6aecdfef,22,1
ed016f68abe39ea087da8cc4053eeeb8,22,1
b43778b1d7a733fd75b469fd570efb87,22,1
3d099cfafeba8e3c1c606917f83a0bcf,22,1
10d13a19cca3ef4ac9abecbc13bdccb8,22,1
db2621f1e47a9ce30bd3badbcc2fab78,22,1
99eb64defb978da6a1e079eb488681d7,22,1
a677029354a3a0d5421b85f116e5ac10,22,1
bd999359c16289182c6335cf956258a9,22,1
147aa39315e27362adf396a56547a3f1,22,4
accb7ddae89ae6944e4741e38796d63c,22,2
edea7dad6844077406f64a29a7d65008,22,1
072979c34ca788c2a8f4b61f356c027f,21,1
f8474cb9b1a6a812d13748588f779913,21,1
e3d37109be4a17d8437f6fcb6072982d,21,1
62a1d14f2646dc0d4a69650b625ad79b,21,1
ba4f8b8e304790fcbf942f027d93eea3,21,1
7542a7eb53cecfc8f05a95db5f301784,21,1
eb4e5287e0c6381b2f61d678fbc31b8d,21,1
8b89885c3b4820a33c326cfc9439535d,21,2
1533b9ffbe887066f8afd42311bd740c,21,1
356db7cfc989ce5edfa2e5d94d652f34,21,2
6de4955c509e8f32f905760cad0beeae,21,5
17e0c1099a7e284ddc61b5ac902efbbd,21,3
047e188f84339eb4f78834d250fd6def,21,1
95fb8c0da5b1e12109599806e8cc2d0f,21,4
8665bccb1a98c27a5c9cee92264f29fc,20,1
e3d0d56407fa86f90b3cc6508480cb8d,20,1
585866d74736258b65053be70338b7b5,20,1
76fa8ce6c4cbb6f9b40c07a790a93017,20,1
31a83bc6f159829f615e8fd6376bb6fa,20,1
5122bc491a9dda8710f98d0077187095,20,2
97680ea39052f20dcc363bc95225c306,20,1
2cd49fab3d7bf0cc141d57184ddda706,20,2
e6de259ed588b16dd070c95979155ed5,20,1
8eefba11489dda2ce4ceab4f99da6d09,20,3
14e8331b01096f2e86a78fc32d16f004,20,1
08d28c7e64a698f281bfee4c58a08139,20,1
66c424b21af31d4257a2fac5abb872f1,20,2
1893b0ad352ee7db0f565bc4594e6dc6,19,2
2ec06dd030dee5bf4fcf8faa66ea00ed,19,2
e8cac002d322db54b07d28122c8e2be6,19,1
18bd7460bd481933a8b41579be03e5e3,19,2
56c5621f3485d11d0f74a06f87e4b572,19,2
4b29d1ae0a834b7ce8791bbbf3350e8a,19,1
173a61976230eab9f077a03d9fd37a98,19,1
8baf28f20aef1137759c5cc1d7f02869,19,2
3a3cb805e096d6d58e4b715eb527180b,19,2
93a61a69d01b74ed5ec13e0824467b83,19,2
09d8c6c07e961f700f85da96d37cf521,19,3
004c0568d5f997bd2b9a20dfa9f2cefb,19,1
fa720708b75516d510448d7d953655d0,18,1
35d506037e946d47a7a567c64f084d82,18,1
2d4433e9da1cba38a5531446a81ac744,18,3
162ed46308ef9dd1600fb0fe7c90b186,18,1
f0e16b2961cac3985938413cea00eb14,18,3
ee23df280317e77ccfabac41b4ca3edd,18,1
d21437e51510d74383e50bcc2a3cc123,18,1
4f9792dc23cbc986b628c4fa41b2ad33,18,1
62b6f6f95036dac581e1464809712754,18,1
7a5a26577d93d10b7158e3025834eb43,17,1
14219a82e98aa184b85390a557583468,17,1
f989f0da7ebf0d58fed3aa0633d919a8,17,3
ecc0e45abf156c30c7461b7d554c4a45,17,1
5c791952bfcc176a9fe052f74b846d2e,17,1
a4ced1c0e4b5ce0cb067870ac987f2cc,17,1
c2487e355957a35ea5bf81eb118c6026,17,3
07bec637a65bf321e1fe034b920a42a4,17,6
f785cb5114b3a4ec395f77f42cc3ea8f,17,1
670a5930973a5cf941b8b71240ed600d,17,1
c056423f9c3602379fbf238e16128c1e,17,1
b2237c8f58174fdb6c21f7c8c0d51556,17,3
7743b8e8ad8e37fa7ac1766261349e9a,17,1
fc863b70e6520f48909c1cdb42565235,17,1
53e37bb6af46fe02a00106a3e08984c3,16,1
f098dee5003bb9d87f60d94f91cf91f3,16,1
60863bd8cced2a6cd3fba062b0d9c9a2,16,1
a85e448a9b6de9dbdade20b3b604dccd,16,2
f248e1bcea322adf238e13e82be4dfca,16,1
b24950fcbb9adb2c8cf0384689795e6f,16,1
44df229e124cc01f387e2c21d201245d,16,1
d2655c5f1ab0dbe17bd7b55ba644efa9,16,1
f44516e8a93e4aa7bd50a76f57cf28cb,16,1
b0a57fe6a0ef7876d07d70e5ad867722,16,1
c539ec08da27549e67f063820ecad8f9,16,2
26e62c9e3dd4436f4a04dcac8dd4e757,16,1
09666ec23b05cb209887773cce83d23c,16,1
90805213192759e998ce7a2430ecdaa3,16,1
2058b266d879d832a63188db797c32a5,16,1
55c8e3c2d02d54e3266a93864e6e701f,16,1
d483f3f9f02b3fb7d697f920d2840c29,16,2
26cf312e6020a5a9f142aa9c23f54a94,16,2
79737db76cefefe4594fe219bc8bbf84,15,3
5b365d575024ffd5b2e7efa07686ea5e,15,1
7bae7dc42cf7f9a63b1ae88fddf4b21c,15,1
7dd775c36d52d613bc84f91b58d533b1,15,1
6de775ccb2a21019a98b4ef4aee3c08e,15,3
d000b4d4b7d954565fba724b064b1862,15,1
9133a7ba936985e6e67832cc8fe66de1,15,3
68cadeceadccfad62744fe15379f31da,15,1
eb491a22dbc2441a1a4608d99aa9b45a,15,1
173a79042b0a3d9faee142e99e1e7c71,14,1
e7a3af060bcc6686986ddfdf5536fac8,14,1
90fbb08c35576a02d1aba4f96ce0ff4c,14,1
1f8a369a742e1bdc14e77e93657c2d2d,14,1
4275d5c061ffcbb5b8f1d744b25a55f6,14,1
6bc2a06b052a67ab69f1dfd28b12d703,14,1
06b38de04a6322908e61d2ed24429513,14,1
ff2d6e71c0a0578ecccb0b23134f5bc0,14,1
09ec55b422ef356deb863992b40e757b,14,1
adbd5c5e7b2452fd3b1e86168af59633,14,1
57e5970bcafcb3bb98d7c1850afbe746,14,1
0be19642afe422a99970d460a80107e9,14,2
29d52f1d955163667478e17d4ee22687,14,1
74a48042caafb5528de330003ed971f3,14,2
cd72aac3de220e8ba8152c92f5380847,14,1
8d1bdf98fc1f7a57872895d1fe4991d8,14,1
f12f57cebb5c199cc8afac92f6447ee7,14,2
63952a899470e591e5d70b31a0294d09,14,1
5a7c7534daa38dcc70e444abf738c01f,14,2
20a91175ce401bfbeb997eb7a06a70c2,14,1
41466ab55f6388d4dc0b2a9b37e1c933,13,1
35a30d5ca1798b8b10646c475c1a7444,13,1
04de6120cad617ef412a20bab3307b14,13,1
2ba57412b79fc5f2910bdccbe9ecdde3,13,1
4e31c3d9691a13abcab062d516bbaa16,13,1
98f928178c6245b8822203e054b81054,13,1
313402c6104b2605890eda8d9fa89fba,13,1
1a8d25f7529d783a219ef689701dd4e2,13,1
abbc7002edf145e69063a54788603cc9,13,2
e3444c9306568318c3cffb29725193c9,13,1
b06984a8a246aa1806535e9c4b214f4d,13,2
8fa593ee215687e6be89da98e7cc3543,13,1
4d10b14d3933c0022fa31ebd684a8d8f,13,1
bad23aa464b7cb8acb7d4767bb4bba52,13,1
b6e7667d0f33e936e340555cdfc9ddf1,13,1
e581d288eadb8d4527694b6fe7aa5df4,13,2
432b86ddf33c129738ce73de632eeec6,12,1
d5e50b03c3451e9120ce5d15589e98c3,12,1
642a78d94fed7e5714db6e188d09a46e,12,1
c1adba3d6f6a99e0be0a61cf5ee9c7aa,12,1
51f981fd2c7be8578be58447f75b09a8,12,1
0889d4d79579b8ff871d38825e35fb94,12,1
5aaf45398e7b567640760c7d4df4467d,12,1
a773a38309091f3aad0fd497df498218,12,1
5601f094afc823d75ccb34440645a99e,12,1
72f6a6535518da49db67c1b13f7b9788,12,1
8011d14fda765a2a1d71ef8086e899a9,12,1
99b6d0feff59b28ad9d9f34e08a099a2,12,1
e5fd6117a4c62f4000a6f7e8414721ee,12,2
fc3af7fae915d7186c2754af9ee7981a,12,2
9064ea91fee73b0d26098da3931de4d2,12,1
802ffd84b34258c41aac3c1b01372fa5,12,1
4069574eeafbdbc8538822727089b005,12,1
fa919bcb613392796baae9df7a6a8b5a,12,2
62c2d1534ebe26314072b1f7036f4e82,12,1
3f71bb3aa63d948994b40f318db0fcef,11,1
d8f7f446987e67092b6256c10b1ee69e,11,1
06028ef6431014f5fef14ad942d9c9e6,11,1
d72f71be7b99b09d3a3f69c3b2787609,11,1
25bd62548b143a4507a578c3f88ea1ca,11,1
c1cb76f4f98cde4ffe4f1ccc74d3b047,11,1
0617dec0ed938fde76912ca84572a125,11,1
94acc174b24d13ae42c623b56f5f900e,11,1
fd8a91b556179171a79e89d4594a0d7a,11,1
73291cac0e802b6a1fb25ae7079390ef,11,1
8663efbb1cfa5f9c8ff4381b4ecce2f7,11,1
67c4fd56d59061872bf616b044fd4ebe,11,1
ba14f185733e55671c9cf63581463967,11,1
eec952740f4123b557ee3811de13b5a4,11,1
10001960725824d99fdb9d8c8cd87bb4,11,1
08d808ad29820ecd54b83f5b4391ff85,11,1
0ba36233341a2a4ab5a476a851f4dd2e,11,1
7a0f4bcb96c5ca416b8fcf772bce5129,11,1
2270817b0acaa4744c5186c4b34c043c,11,2
18a8a82dd1953b517e91698f99c921a6,11,1
804459596998e7bb132597a26b946147,10,1
1cbf79019e14a531a559ff43f17246b8,10,1
18468d5794ab48f3c4b1f616efca019c,10,1
bdde6bd8f5e6e93125d0a62e62872f91,10,1
aadef7fba5a0754fb631409c11fb331f,10,1
4b1c4fde4801ed91c7c03b6f0d03a5b0,10,1
330920fdc903fa547647d396f59bb662,10,1
de600ed820586272cae21a36f5a41b8a,10,1
be616f8aa785fa8c499211e65c8d60d0,10,1
1193b025c5118610905bcd04ac6988a1,10,1
ad30134c2171f177df244af91fa08d34,10,1
b4218b96d19eb58247fa9b0febd486c2,10,1
8d1b2f071188ec7576847a17a3290801,10,1
f40316cc6f0a52cfcd4e3afd822b5f61,10,1
f4f64eade6ca110caf515ee89ceaae99,10,2
dcd2612ccacf721fd981ae2493586519,10,1
7bde01c6c4ff06be862e9c1ddc646c3c,10,1
ec754904c5c1901df18e88a7d49c3d91,10,1
94b9fbee1693673bbd592c803880fe9a,10,1
c8636fca8f63f70c656c668762cb0e76,10,2
c480e72d144b16ce5c0a93eb6a09a34c,10,3
ce87bbeb38f583c6c12912ff0905245c,10,1
3c7f90ed3ce67c427c9da1a84476d5d1,10,1
f6f57cb7be63d5ce822dcc0e51c0d065,10,1
bc15061b61cf6b5002c58284591f97d4,10,1
e682b1e7cfe98f0ad8129bf3e9f1e4dd,10,3
30bb047ac058204ae8360234312ee7e5,9,1
76ec48b07229003c2e21f8763b00526b,9,1
2260b930f2edf381e05f91e5df09ef11,9,1
204ead84d83a805a4c11573285c87f0b,9,1
e7fe4913e1d6fede7606db2ed15778be,9,1
5f86daf7f135fee1745dba9e874fe013,9,1
9fdec0e5c3ea171403ed937e5bb4ed75,9,1
c28dbe4128a0b1ec6724d8c6b93a0a67,9,1
25ec3dde9f62076f91e274b8f22fdb7b,9,1
fba3d9b3872ff9021d66434323fb9565,9,1
0179864c31d78c81851dbcc3bee4b403,9,1
fe08d01467042efc88e6b15d9d41f166,9,1
6d556c04a2ad7ea371356f6a56500318,9,1
692991baa7c58832704d3a81eddf7b89,9,1
cfc9f8611bd04a7423d75a18471d0031,9,2
a77b0e43a0a758e036dc8929a68d128c,9,1
3d40ed6bafa1ad00b3bb503c6865a5b7,9,1
454d2462d4e42ccb8ed6a6018ec84d92,9,1
e23ae86010dbc33a1f975b88f07e3a28,9,1
f3d29136d0778a9f55e50212173e60bc,8,1
ab5f30967aa75c6e4ffa6803aac94b76,8,1
b2a70d2eaabdbc443012132978d789d6,8,1
1a66dd4e1b283f2b14e87eb7ae82f973,8,2
e2d15e781d5a3b05b139a6436475492b,8,2
cd575d00c5a1818624e106dde92c2fb5,8,1
1986d48e898d4244f3c664c606a407a4,8,1
055939aad29d258b5de71c053a3052ab,8,1
886f39d37496d33c39a1a870e873f816,8,1
081fff4915bdd0eba188a6f8c05d871b,8,1
80b20e907aa4fcf2309796bc303d151d,8,1
1b448e00c078f81e49a61933072345d2,8,1
67612e602e979241b130c7bd290adeb0,8,1
05379ec8f64d4f190caef85143e7ef5c,8,1
60262c9b8575b44d07850d827b9c8a80,8,1
17987125f37cd477799738140c06cf40,8,1
039f5b31e4d146b2abf3d43e4a1883d0,8,1
8f229d624bcaeaec32816dffd37e3655,8,1
27c179a669e80ab12d0e64a2a83c43f5,8,1
d98baf4d4e471ceb7652926670d16f07,8,1
4dd0336cb6aefe4b557a396bee1fa6d2,8,1
9da7a39de7e82006cc9533681adf765a,8,1
144358705bcd701765e33e5892d2fade,8,1
c57b70d65a63c4bf9f12c179c2416839,8,1
81c0f27fcb0714b5138ed863a663b88a,8,1
2e6d92d15c1abb702a1da34238df5220,8,1
7977ce267cb9f3102b56b5d410a7bc25,8,1
beae6aa05d54d9b46fb4cdc98a3ed92e,7,1
6de2135e0773430ba5677ec8d3323ce9,7,1
868c50c0b1d541197ff95a0bb7072826,7,1
76ca055b92f8c89b3740d0eeae796b57,7,1
eb6f471776211adb9a7b837ba74ffe6b,7,1
1c59e5f9b2215f9539d9656e1b1f6f32,7,1
f861234f2e87ff487f2e33b950368dcf,7,1
c9cc497ec4f10695829d840006fc7262,7,1
ca9c7cf560311eccd6c9f78d43f815ba,7,1
2515436d38bfe7b502e7721929c3818c,7,1
65a762819f2e18559c8f3f559ca15bb1,7,1
1da50bed45f9aecde90fd8bdf9d00a61,7,1
fa35267626e4007b2879a61b5e10181b,7,1
ea5450a505a8252d5416094a93e0d59e,7,1
9f666956dac83ef0bf9707d7fb1e399d,7,1
59039e4211686d58e24f05c6e3914470,7,1
85b6a84c127a2636b6e6f569fb35d5ef,7,1
7d12a2f40aea1ad38b3b1143a94cbb11,7,1
3b2f8158b30941206b170f2a0fa0a1f7,7,1
ba37df25b788e785d74c36fb42e00f23,7,1
502b6544978890cda2ece2d14bfdba01,7,3
b66bf96a770f6d8eb3024bcd8d25ce15,7,2
6a0ede2ffffc1af52b6e93ddc7ffed81,7,1
8f146ce7c43f38ad3673dabe93c7c5bb,7,2
913b522e0398cf53036ca112413b9878,7,2
940a1a2ce376b4a59b623950d83effda,6,1
01ee6d0da4acb99aebb51160993a0853,6,1
87bd6083b4e66589d8f0c18e3210e3e9,6,1
b2c04ba574e93067166a186da8c3010a,6,1
136a019c76228a26f59a69baae80c823,6,1
7ac30f52c13d69e33788b985a7160b67,6,1
8cea1cca5f6e15d6fdf4d681eb4aa27c,6,1
10a1540420b4734c504204b4c537a467,6,1
b09d1dc3fdecde245ed8be8b62ceb88d,6,1
90784d473ed3f4a56f04c58bdffdb441,6,1
51e464bce38b6989d113fcddb7f9ee99,6,1
3d1c3395373ccf703eabd71cc4919461,6,1
9f2d0bcce890f305a80cba93dff99bf3,6,1
e8fb2b3d01d369dbb5d3764548193ae9,6,1
d079f3a267f434611eec9e5c1b108650,6,1
c69586bd5873d23c0d7384091901cff7,6,1
c4aad64f84f51ff331b986a67af4ed3d,6,1
ca161a8bd0a9dfa4baa437aed9aec4d9,6,1
669fb7820066af75733924dc2bcd6faa,6,1
80198caa4ee299b677512c6dece6352c,6,1
5126dc97428980e73510543871f740f8,6,1
be9615043b9e28a0e6055005b44c0d17,6,3
be48b558d47add1f06a74d1b9671837e,6,1
4132e842e6b6234df9e6dd4080a5ea33,6,1
63080caa95954e8e0f4d6cc0fab5624a,6,1
4b4342c961e8c0f31d52a74aa8cacf87,6,1
2148d5243c2610b5bdd54975851ae6c9,6,1
6371856b031da040aba3cd80cae5cd85,6,1
b3617c5c4f3a3dfc71d97a469f8c91e5,6,1
bb678eb525a5275a72a45554602b1000,6,1
d0f483cc3375cd93d3ee2b42728b2ffb,6,1
65b52038f85921504cf73afe94185add,6,1
28a9fe85666ab93bf0a789625fc8c85b,5,1
159cd5952403e34bc363b0817de9abd7,5,1
075b07eeed33eaa8690eb666e1518d78,5,1
d14810e43b32da238c0c91f7b173b632,5,1
219af7d8e8eda5da629801371868335c,5,1
bf7058b402d9c0b7c7403b4bf70a4d9e,5,1
affe177bf80841a12240ecc47ee20f03,5,1
ae186c63ece38ad861a588a79aebe920,5,1
d7d0f1e37f24cfe658e8e4b59cfd5f41,5,1
7ea619adf773603f961d38f497e8fde2,5,1
90b7e31a757a089311cf73b95470282d,5,1
583a325f77d5a20b7b104ee00e86486d,5,1
bd3ab8901c889739a50a1053ae998b18,5,1
9d3c6add8749a38309fe89521090b59b,5,1
e9d3af4175420ffab49c29d1a6bb2030,5,1
01c05b6f20649c86d0cb11e807d2b319,5,1
be109a0e84860a26d6e8b28f87268499,5,1
f5af9dc1caed80c9f67e837f2514c026,5,1
8e9dfc4347d6577907643570b31a680b,5,1
b8329e527429f07e08f04ecf93563779,5,1
8cc2327116596d5d1b10adc5ad45185c,5,1
0f1e743c8a315a84fd15fc74186e7237,5,1
56854f10a9bcdfc631f303e51aa497f0,5,1
ac3f7a678bd4edeb863685aa8b2fc8e4,5,1
fc7838a266649e14738360cfba8df928,5,1
5eb58920e85317fbfad69d8bf0094a8a,5,1
fe30ff0f71a38a39cf1717ec2be3a2fc,5,1
205af7773f6a3bd049b96914f39245cf,5,1
74acb5ab77860a18fa0700d2e78db83c,5,1
bff9e66c8f627b2c22eec2ca4cccd6c6,5,1
b5e2decf4d1505d79fce9a6d06e3fbb5,4,1
f174c287c991e550f13e3b407b5c1b22,4,1
46b9bf06ac8fbf11515f2eafff9f672c,4,1
06b789d454ea8a5237d10680367389c3,4,1
b69ff3f2bad6464d7287bd72cb97ac5f,4,1
64a591873421c63dc8362a0f0785434a,4,1
59758d94cc7ed9a16526bfc9eb207575,4,1
eada813c0d84dbfd1fbe7e1f91dda0a3,4,1
dab69d8f38c988fa1206378c897bf319,4,1
044b56b3dc0bb1ff8b3933d53e1b9a0c,4,1
ca879e227e8d230e5964454b9b6a2ae5,4,1
7153af8713967b9c13813177a69c4bd2,4,1
296cb47d0a692ba17de4f9a4aea10bca,4,1
8b4bc6ee5162ad9a3bf967e8778202dd,4,1
e7709791d7ef6b47747de9fb43880d14,4,1
674108ec0e42892901eb2240eb151ad3,4,1
f8903aa48bc50e6ed06b7159931b51cb,4,1
99df71f1269147480afe63b13ee82b1a,4,1
bb2ef8c3b5b4d54bed90b3d672bfe367,4,1
c9f2f20789de6451e1dfbd9a2247a7aa,4,1
9df4206a27891309973f829746e3da1f,4,1
3cb9f6500275fabe7c87a599a8c31749,4,1
1643927a0c30f488eda9555d0b3de1bc,4,1
846cbaf603b77be035fe0cb61d14a23c,4,1
cf6ef21ed4d2cbcc2fdda9b13938eb5b,4,1
d6f3a6808f1fb78039f2583994b3f739,4,1
c65a4973088f388575773b5361226e0c,4,1
e2011ac847c0f6d75b5cd261ba14d835,4,1
67b47aab9b8bdaaf9c6823481d0b68f0,4,1
52e7a3b103aef10bb580c81c4a8131d2,4,1
43995f10a609fafd12d8757b04b8d220,4,1
f4f475b0aed40d8c5517ae4a33435063,4,1
d2783334af2bb04b801b36d7a488938d,4,1
0efdf09e44f26b00cbd735e844f1e523,4,1
23275832b5f6e390e061e921d1476b00,4,1
3b33e88607a70cd248672fee4c2e46de,4,1
790b3873d15f66c65f79b44853f4b4ca,4,1
4c4bad47f144d495e85be8b69a87eef8,4,1
21cdb5c59432f4d17d2bb4f9c1c725b2,4,1
7aedb43819230a74a236c587f03eb4fd,4,1
35048a33d5482f307dbc7b45e10e1e1b,4,1
a875cba4e2e4da128cec805cd014731f,4,2
21113e177491a7d955e9d102bc5ac8b0,4,1
55b42db92846938379c6a818a5b616b4,4,1
f64be249f321a3062d71e5c5d6902081,4,1
36b7472130c951ab65623972d766d773,4,1
5d36c274b969eeda284cd3a8f5b849f2,4,1
ca9bf8565b6370607d955b5593a25393,4,1
69ecb283d65cede02abe590720c35bc6,4,1
bb3ae28017c4ce72f5ee07393b09b5e7,3,1
418411125747c07ed30db090867e49fe,3,1
c412c8ab3f0ad1ae15f020aea11e438e,3,1
7a07d424f8b14352b1098ea62aa8ee61,3,1
37037552db8a569d16c25c861a27ce3d,3,1
7a554b739cb946914bc38af442994c11,3,1
7e598ad34909a3fb8ff1623f1ede11a6,3,1
edcc5f5f5f373fba7187018d5260deb7,3,1
e75b498bf9a4a29fe13ccaef424aab7e,3,1
50b771030f694d18f96f60d90b4422f2,3,1
526228ba61cee34898b658b5e898d292,3,1
610b31d4c5a9349c0fae0caa225b7ff9,3,1
69c45f9819c7c619ed8792b2967de1b7,3,1
aee34801548793dc2c1778f981a5c3d7,3,1
f97ec3b169cb8ed0ba91050168e2b54f,3,1
b8bc9cbc8295bb3a8ce45631eb75909f,3,1
ca2297ecce8506c29fec72055d7df35e,3,1
4ccb5263252f69c5d40a92499c4466fc,3,1
6fbdf00007ef19f2e12432205a1bfcbc,3,1
3255fbbb6be6c2d18b9c2e228b392ea2,3,1
111af4b267533b6158cd72063cd12fd7,3,1
7c1bfa24e6d0eef9d9b2af72017d2ae7,3,1
741b368d586f99259f883b7c2910a0a8,3,1
682fa26143864d99a06db71e2a312a34,3,1
6a2e91a49f18286cc6a2da270d18c8ec,3,1
2b6e8f550ac8c068574684fedaea660c,3,1
a11c3f99b1f09ec9b60d9166cdfd2691,3,1
7b68a57e1bb40755ba6422fd0266549c,3,1
ed57641249b9f50b5b9c37d8bc43e9e4,3,1
d9ab9adf126ad9bc59c0c10d2dbde6cd,3,1
17145430088a67c4b5da30f497bfe235,3,1
f716ed61b9d479e716ed2d9264c00cd6,3,1
b124d008fb3272607a289c57a2065060,3,1
c28924b51a0aad51884a3aab56eda2d8,3,1
f7dd9e411cbe713d4e953b85c6293b1f,3,1
4126a475f7d1543df086b140d79a931a,3,1
7c1270661bb2248c2bfe6c66af85adc8,3,1
eceb9151873f4ef2f95eed904ab2e76f,3,1
bc3f0a7db340fb8cd87be879862286c3,3,1
5e28e97a848b276b6453494a78b63bff,3,1
1ab63064c93f27984824aede6e9355d4,3,1
fe8cbf18c3ed8a43dd1823aa6413128b,3,1
6c76b3669c3887c0441cdd4d9d9e2050,3,1
3dc03434457f5fa4ff5c221e23a4ff6f,3,1
86be3b4052230c55aa8db45223961c78,3,1
7c9533036fefd2313b27d3f0974c43df,3,1
d8e06c052f3d593742b7903d5d5f5a3c,3,1
40d5207af6ec212e57dd9db90a4c21a8,3,1
630cd8f3516d381c3cb4996f12bd8c34,2,1
687b0b0a7fb19e710f63c153be1532df,2,1
7de5f866c069687df80f54db967b318c,2,1
60e7790625cfb0b6925cf7001ca0937c,2,1
87b9f269ceeeb26c50204d4cbd7fb7fc,2,1
d15226c71e18b1c849737703bb5ab6e0,2,1
13db3c12626555ca6d6e30fb8bf4e449,2,1
39edebc69df5ca8b4c2e931ae0cb8c36,2,1
d9bf2bfa241f1022aebd4a629a0ba01f,2,1
b09101d890e9cfbaf362a3f922aa00cc,2,1
bab99bce605f110bcacb0919f041a602,2,1
08055a26025ebadd59e6cc6943f20f79,2,1
1c40ac02c49ea9e03881b0f183373417,2,1
a365c11e73ba90881d6386b8fe3d9d9a,2,1
717b238d9e81c0c548802335d76b6ce7,2,1
65b72fe50a8327f78a79a92e962e41f0,2,1
4a7c3501a9e3af67f68b6b129702d870,2,1
54c59764701befd0629b7514f013bf8c,2,1
c3529c5be7dff1f218351a12f875b848,2,1
99933095c466ba0ab55fa48a583c3417,2,1
a3aa444b5d7f07f9edda804bb115923c,2,1
3c9c437f27aca05f8db167cd080ff1ec,2,1
d21139999d4521256a8a087e8c99cccb,2,1
9b0549bb6e63f681bf133d2c7996055d,2,1
5b76c12948cc04d9de4a3fd020bb8f23,2,1
9a69950ee3eeced1be6815dc8c8103e1,2,1
c86eff14d1e03194c1f8a0f4e2c9b7e7,2,1
2b41f9ff3bea1e3f63defc050d43d9b9,2,1
dc3e56436e3de26b261d60138d390ccf,2,1
cb6bfdfdf359c94e69196f7e3f388a68,2,1
91d22745e77dc1955b32c144bd440d6a,2,1
f92b6b31e35176ad780ee7495291504c,2,1
8c9893497642335cffa0f25d896229fe,2,1
fed5129da341a87dbeb689688c9139db,2,1
b4d9ef3231281b105ff62c48ce8cd349,2,1
7cd19915f43c11ff3818c78eb9966700,2,1
3396c7bf151417c44669a45cca20c09e,2,1
76fa4922eff16594790e710eb1df44fd,2,1
7d4f349434fb0b47033db3d37bf042dd,2,1
7b5ff7d50ed87cf3ff53c312f2d581a6,2,1
73e6150498f7fd9102ee37013363635a,2,1
c33565442ce2eec11b8f2d8e7d535d4c,2,1
7e8fad2e03a2aac2f858249d9c49ae44,2,1
e4a2eba130e3f9f6f7201365d48ee332,2,1
540ff2ab1a2bcd6359f51e0530dc3d6b,2,1
fec21ff495322a7e94d13e1acb350954,2,1
